,companies,titles,location
0,Instient,Software Intern,India
1,Virtual Internships,Fullstack/Backend Engineer Intern (Fully Remote),"Bengaluru East, Karnataka, India"
2,Naptha AI,Software Engineer (Intern),"Mumbai, Maharashtra, India"
3,GoQuant,C++ Developer Internship,India
4,GoQuant,Software Engineer Intern,"Bengaluru, Karnataka, India"
5,GoQuant,Software Engineer Intern,India
6,GoQuant,Software Engineer Intern,"Hyderabad, Telangana, India"
7,GoQuant,Software Engineer Intern,"Mumbai, Maharashtra, India"
8,GoQuant,Software Engineer Intern,"Delhi, India"
9,GoQuant,Software Engineer Intern,"Pune, Maharashtra, India"
10,TryMania,Software Developer intern (PPO),India
11,Cableteque,Software Engineer Intern (AI),India
12,RECRIVIO,Software Engineer Intern [6 months],India
13,GoQuant,Software Engineer Intern,"Kanpur, Uttar Pradesh, India"
14,GoQuant,Software Engineer Intern,"West Bengal, India"
15,GoQuant,Software Engineer Intern,"Chennai, Tamil Nadu, India"
16,Hireginie,Tech Intern- Software Developement Engineer(Full Stack),India
17,GlueX Protocol,DeFi Software Engineer Intern,India
18,Quantum IT Innovation,Software Tester Trainee/Intern,India
19,Stealth Startup,Software Engineering Intern (AI/LLMs),India
20,Servera,Full Stack Engineer,India
21,T-Minus Tech,Quality Assurance Engineering (QAE) - Intern,India
22,Drivetrain,,
